452946_12C,Features list,Imperial,48,Clockwise,3,10/05/2023
GW ID,Feature No.,Distance,Upstrm GW Dist,Downstrm GW Dist,SeamWeld Orientation,Depth,Depth,Length,Width,Minimum ID,Orientation,Comments,Wall Thickness,Nominal OD,SMYS,UTS,Min Pressure,Max Pressure,Operational Pressure,Report,DataFile,Assoc. GW,Assoc. SW, Assoc. ML,Assoc Ml Depth,Off Axis, Multi Apex, Another Dent In Close Proximity,Faulty Channel List
,,[ft],[ft],[ft],[o'clock],[%OD],[inch],[inch],[inch],[inch],[o'clock],,[inch],[inch],[psi],[psi],[psi],[psi],[psi],[Yes/No],,[Yes/No],[Seam Weld N/A / Seam Weld not clear / Assoc. Seam Weld],[Yes/No],[%WT],[Yes/No],[Yes/No],[Yes/No],[/ Seperated List]
4220,187,20595.663708,20567.920694,20628.053468,?,1.260000%,0.160551,16.062992,4.004882,12.071299,10:30,,0.250000,12.750000,51999.999420,65999.998550,0.000000,0.000000,0.000000,Yes,Joint 004220 - Dent 000187.csv,No,Not Assoc. with SW,Yes,0,No,No,No
6530,201,31740.671226,31683.006127,31741.843381,?,1.330000%,0.169291,4.015748,4.814606,12.062243,12:15,,0.250000,12.750000,51999.999420,65999.998550,0.000000,0.000000,0.000000,Yes,Joint 006530 - Dent 000201.csv,No,Not Assoc. with SW,No,0,No,No,Yes
7670,226,36784.286869,36759.947213,36792.069241,?,1.390000%,0.177835,3.228346,4.009370,12.029331,07:30,,0.250000,12.750000,51999.999420,65999.998550,0.000000,0.000000,0.000000,Yes,Joint 007670 - Dent 000226.csv,No,Not Assoc. with SW,Yes,0,No,No,No
11300,289,54189.858632,54189.110018,54191.505538,?,1.210000%,0.154370,4.015748,2.383425,11.698149,12:30,,0.375000,12.750000,51999.999420,65999.998550,0.000000,0.000000,0.000000,Yes,Joint 011300 - Dent 000289.csv,No,Not Assoc. with SW,No,0,No,No,No
17010,381,83087.826299,83074.165006,83134.158539,?,1.070000%,0.137008,8.031496,4.808425,12.166416,07:00,,0.250000,12.750000,51999.999420,65999.998550,0.000000,0.000000,0.000000,Yes,Joint 017010 - Dent 000381.csv,No,Not Assoc. with SW,No,0,No,No,No
19090,422,94312.463762,94270.829966,94323.711631,?,1.340000%,0.170945,4.409449,5.615945,12.071850,06:30,,0.250000,12.750000,51999.999420,65999.998550,0.000000,0.000000,0.000000,Yes,Joint 019090 - Dent 000422.csv,No,Not Assoc. with SW,No,0,No,No,No
20750,451,101472.065246,101432.203245,101481.414218,?,1.570000%,0.200197,6.929134,5.612638,12.031141,02:15,,0.250000,12.750000,51999.999420,65999.998550,0.000000,0.000000,0.000000,Yes,Joint 020750 - Dent 000451.csv,No,Not Assoc. with SW,No,0,No,No,No